glm,xgbTree
glm,svmLinear2
glm,rpart
glm,cubist
glm,earth
glm,bagEarth
glm,lasso
glm,Rborist
glm,rlm
glm,nnet
glm,pcaNNet
glm,avNNet
glm,gbm,greedy
glm,gbm
glm,pcr
glm,ppr
glm,enet
glm,blassoAveraged
glm,leapBackward
glm,BstLm
glm,lm
glm,gamboost
glm,extratrees caused a crash, had to reset R
extraTrees,xgbTree,greedy
extraTrees,xgbTree
extraTrees,svmLinear2,greedy
extraTrees,svmLinear2
extraTrees,rpart,greedy
extraTrees,rpart
xgbTree,greedy
svmLinear2,greedy
xgbTree,svmLinear2,greedy
svmLinear2,greedy
xgbTree,svmLinear2,greedy
xgbTree,svmLinear2
xgbTree,rpart,greedy
xgbTree,rpart
xgbTree,cubist,greedy
xgbTree,cubist
xgbTree,earth,greedy
xgbTree,earth
xgbTree,bagEarth,greedy
xgbTree,bagEarth
xgbTree,lasso,greedy
xgbTree,lasso
xgbTree,Rborist,greedy
xgbTree,Rborist
xgbTree,rlm,greedy
xgbTree,rlm
xgbTree,nnet,greedy
xgbTree,nnet
xgbTree,pcaNNet,greedy
xgbTree,pcaNNet
xgbTree,avNNet,greedy
xgbTree,avNNet
xgbTree,gbm,greedy
xgbTree,gbm
xgbTree,pcr,greedy
xgbTree,pcr
xgbTree,ppr,greedy
xgbTree,ppr
xgbTree,enet,greedy
xgbTree,enet
xgbTree,blassoAveraged,greedy
xgbTree,blassoAveraged
xgbTree,leapBackward,greedy
xgbTree,leapBackward
xgbTree,BstLm,greedy
xgbTree,BstLm
xgbTree,lm,greedy
xgbTree,lm
xgbTree,gamboost,greedy
xgbTree,gamboost
xgbTree,glm,greedy
xgbTree,glm
svmLinear2,xgbTree,greedy
svmLinear2,xgbTree
svmLinear2,rpart,greedy
svmLinear2,rpart
svmLinear2,cubist,greedy
svmLinear2,cubist
svmLinear2,earth,greedy
svmLinear2,earth
svmLinear2,bagEarth,greedy
svmLinear2,bagEarth
svmLinear2,lasso,greedy
svmLinear2,lasso
svmLinear2,Rborist,greedy
svmLinear2,Rborist
svmLinear2,rlm,greedy
rpart,glm,greedy
rpart,glm
rpart,cubist,greedy
rpart,cubist
rpart,earth,greedy
rpart,earth
rpart,bagEarth,greedy
rpart,bagEarth
rpart,lasso,greedy
rpart,lasso
rpart,Rborist,greedy
rpart,Rborist
rpart,rlm,greedy
rpart,rlm
rpart,nnet,greedy
rpart,nnet
rpart,pcaNNet,greedy
rpart,pcaNNet
rpart,avNNet,greedy
rpart,avNNet
rpart,gbm,greedy
rpart,gbm
rpart,pcr,greedy
rpart,pcr
rpart,ppr,greedy
rpart,ppr
rpart,enet,greedy
rpart,enet
rpart,blassoAveraged,greedy
rpart,blassoAveraged
rpart,leapBackward,greedy
rpart,leapBackward
rpart,BstLm,greedy
rpart,BstLm
rpart,lm,greedy
rpart,lm
rpart,gamboost,greedy
rpart,gamboost
rpart,xgbTree,greedy
rpart,xgbTree
rpart,svmLinear2,greedy
rpart,svmLinear2
glm,rpart,greedy
glm,rpart
glm,cubist,greedy
glm,cubist
glm,earth,greedy
glm,earth
glm,bagEarth,greedy
glm,bagEarth
glm,lasso,greedy
glm,lasso
glm,Rborist,greedy
rpart,glm,greedy
rpart,glm
rpart,glm,greedy
rpart,glm
rpart,cubist,greedy
rpart,cubist
rpart,earth,greedy
rpart,earth
rpart,bagEarth,greedy
rpart,bagEarth
rpart,lasso,greedy
rpart,lasso
rpart,Rborist,greedy
rpart,Rborist
rpart,rlm,greedy
rpart,rlm
rpart,nnet,greedy
rpart,nnet
rpart,pcaNNet,greedy
rpart,pcaNNet
rpart,avNNet,greedy
rpart,avNNet
rpart,gbm,greedy
rpart,gbm
rpart,pcr,greedy
rpart,pcr
rpart,ppr,greedy
rpart,ppr
rpart,enet,greedy
rpart,enet
rpart,blassoAveraged,greedy
rpart,blassoAveraged
rpart,leapBackward,greedy
rpart,leapBackward
rpart,BstLm,greedy
rpart,BstLm
rpart,lm,greedy
rpart,lm
rpart,glm,greedy
rpart,glm
rpart,cubist,greedy
rpart,cubist
rpart,earth,greedy
rpart,earth
rpart,glm,greedy
rpart,glm,greedy
rpart,glm
rpart,cubist,greedy
rpart,glm
rpart,cubist
rpart,earth
rpart,glm
rpart,cubist
rpart,earth
rpart,glm
rpart,gbm,greedy
rpart,gbm
rpart,gbm,greedy
rpart,gbm
glm,gbm,greedy
glm,gbm
greedy
greedy
greedy
greedy
greedy
greedy
greedy
